공통,공통,1분안에 자기소개를 해주세요.
공통,공통,본인의 장단점을 말해보세요.
공통,공통,우리 회사에 지원한 이유는 무엇입니까?
공통,공통,입사 후 1주일을 어떻게 보내실 건가요?
공통,공통,우리가 당신을 뽑아야 하는 이유는 무엇입니까?
공통,공통,최근 읽었던 책 중 가장 기억에 남는 것은?
공통,공통,인생에서 가장 도전적이었던 경험은 무엇입니까?
공통,공통,회사를 선택할 때 중요시 하는 것은?
공통,공통,"남이평가하는 자신은 어떠하고, 자신이 평가하는 자신은 어떠한지?"
공통,공통,가장 행복했던 순간과 힘들었던 순간은 언제인가?
공통,공통,자기소개를 영어로 해보세요.
공통,공통,마지막으로 할 말이나 궁금한 사항 있으신가요?
공통,공통,입사 후 포부를 말해보세요
공통,공통,스트레스 해소법에 대해 말해보시오.
공통,공통,학점이 낮은데 그 이유는 무엇입니까.
공통,공통,지원자는 어떤 사람인가?
공통,공통,주량은 어느 정도인가?
공통,공통,지원분야에서 본인의 강점은 무엇입니까.
공통,공통,진행했던 프로젝트에 대해서 설명해보아라.
공통,공통,이번 인턴 경험을 통해서 얻고 싶은 가치는 무엇인가요?
공통,공통,본인을 뽑아야 하는 이유를 말해보세요
공통,공통,본인의 별명과 그 별명을 얻은 이유
공통,공통,입사 후 어떤 일을 하게 될 것 같고 어떤 일을 하고 싶은가
공통,공통,취업에 실패하게 되면 어떻게 할 것인가
공통,공통,다툼이 발생했을 때 이를 해결하는 당신만의 방법이 있나요? 그것을 한마디로 표현한다면?
공통,공통,당신의 전공이 무엇인지 한 마디로 표현할 수 있나요?
공통,공통,지금까지 살아오면서 가장 힘들었던 일은 무엇인가요?
공통,공통,당신은 긍정적인 사고방식을 갖고 계신가요?
공통,공통,가장 자신있는 프로젝트는 무엇인가요?
공통,공통,학창시절 대외활동 경험이 직무에 어떻게 도움이 될까요?
공통,공통,당신은 관습을 따르는 편인가요? 아니면 새로운 것을 추구하는 쪽인가요?
공통,공통,다른 사람들은 당신을 어떤 사람이라고 생각하나요?
공통,공통,화장실에 휴지가 없다면 어떻게 행동하겠습니까?
공통,공통,"흥부와 놀부가 있다고 가정할 때, 당신이라면 누구를 뽑겠나요?"
공통,공통,"옆 사람이 함께 등정을 간 친구라고 가정하자. 벼랑에 세 명의 로프가 엮여서 셋 중 한 명을 끊으면 나머지 둘이 살고, 아니면 셋 다 죽어야 하는 상황이 되었을 때 어떻게 대처할 것인가?"
공통,공통,본인의 갈등이나 좌절한 경험에 대해 말해주세요
공통,공통,우리 회사의 이미지에 대해 이야기 해주세요
공통,공통,직무가 바뀌어도 괜찮습니까?
공통,공통,인생의 목표는 무엇입니까?
공통,공통,상사의 말이 확실히 틀렸을 때는 어떻게 할 것인가?
공통,공통,집안이 무너질 때 도와줄 친구는 몇명인가
공통,공통,지기 싫어하는 성격인것 같은데 경쟁에서 져본적이 있는지 그 때 배운점이 있다면?
공통,공통,존경하는 인물을 말해보세요.
공통,공통,본인이 여성 지원자로서 강점이 무엇이 있는가?
공통,공통,친구들과의 서로 다른 의견을 조율해본 경험이 있습니까?
SKT,ICT유/무선인프라,살면서 창의적인 아이디어로 문제를 해결한적이 있습니까?
SKT,ICT유/무선인프라,경험해본 통신 프로젝트에 대해 말해보세요
SKT,ICT유/무선인프라,OSI 7계층과 TCP 4/5계층의 차이점을 말해보세요
SKT,ICT유/무선인프라,귀사와 타사와의 차이점을 말해보세요
SKT,ICT유/무선인프라,SKT에 들어와서 하고 싶은 일이 무엇인가요?
SKT,ICT Service Planing,블록체인의 미래에 대해서 어떻게 생각하나요?
SKT,ICT Service Planing,지금까지 살아오면서 조직활동을 통해 어려움을 겪은 경험에 대해 말해보아라.
SKT,ICT Service Planing,지원한 직무와 관련된 경험을 하신 경험이 있으신가요?
SKT,ICT Service Planing,우리 회사와 관련된 최근 기사에 대해 생각을 말해주세요
SKT,ICT Service Planing,SKT에 들어와서 하고 싶은 일이 무엇인가요?
SKT,Developer,Front-End 개발시 호환성 체크는 어떻게 하나요?
SKT,Developer,프로세스와 스레드의 차이점을 설명해보세요.
SKT,Developer,HTTP와 프로토콜에 대해 설명하세요.
SKT,Developer,TCP와 UDP의 차이점을 설명해보세요.
SKT,Developer,자기 계발을 위해 어떤 노력을 해보았습니까?
SK하이닉스,소자/설계/양산/기술,DRAM과 NAND flesh 차이는?
SK하이닉스,소자/설계/양산/기술,삼성전자와 우리 회사의 차이점을 말해보세요
SK하이닉스,소자/설계/양산/기술,반도체에 관심을 갖게된 계기가 뭔가요?
SK하이닉스,소자/설계/양산/기술,제일 자신있는 공정에 대해서 말해보세요
SK하이닉스,소자/설계/양산/기술,"본인은 팔로워십, 리더십 중 어떤 타입인가요?"
SK하이닉스,제품.서비스영업,피투씨와 비투비의 차이는?
SK하이닉스,제품.서비스영업,어떤 직장 상사가 가장 힘들다고 생각하는가?
SK하이닉스,제품.서비스영업,환율 상승 또는 하락시 sk 하이닉스에 미치는 영향은 무엇인가요
SK하이닉스,제품.서비스영업,영업 관리를 위한 본인만의 핵심 역량은 무엇인가요?
SK하이닉스,제품.서비스영업,실제 영업 및 판매를 해 본 경험이 있는가.
SK하이닉스,재무·마케팅·기획,당사가 재무적으로 시급하게 보완해야 될 것이 무엇이라고 생각하는가
SK하이닉스,재무·마케팅·기획,"세무회계와 재무회계,관리회계의 차이점은 무엇인가요"
SK하이닉스,재무·마케팅·기획,최근 이슈 사항 중 관심있는 이슈와 본인의 견해는?
SK하이닉스,재무·마케팅·기획,SK하이닉스에서 생산하는 제품은 무엇인지 설명해보세요
SK하이닉스,재무·마케팅·기획,우리 회사에 대해서 아는 것을 모두 말씀해 보세요
SK하이닉스,재무·마케팅·기획,성과 지향적 리더와 소통 지향적 리더 중 어떤 리더가 더 중요한가?
SK하이닉스,IT,자신이 제출한 포트폴리오를 설명해 보라
SK하이닉스,IT,마케팅 부서에서 계속 내용이 바뀌면 어떻게 대처할 것인가?
SK하이닉스,IT,운영체제 커널 분석을 수행해 본 적이 있나?
SK하이닉스,IT,본인이 사용할 줄 아는 언어들의 차이점은 무엇인가?
SK하이닉스,IT,시간이 촉박한 시험 기간에 어떻게 시간 관리를 했나?
마이다스IT,IT/인터넷,무슨 프로그램을 개발하고 싶나요?
마이다스IT,IT/인터넷,C/C++의 차이가 무엇인가요?
마이다스IT,IT/인터넷,지구의 질량을 더하기로 구하라
마이다스IT,IT/인터넷,평소에 검색을 많이 하나요?
마이다스IT,IT/인터넷,마이다스IT는 어떤 회사인가요?
마이다스IT,IT/인터넷,취업하기가지 어떤 과정을 거쳤나요?
마이다스IT,IT/인터넷,"다음, 네이버, 구글 검색을 비교해서 설명한다면?"
마이다스IT,SW개발/웹개발,가장 보람있었던 프로젝트는 무엇인가?
마이다스IT,SW개발/웹개발,마이다스아이티를 어떻게 알게 되었는가?
마이다스IT,SW개발/웹개발,마이다스아이티 홈페이지가 타 회사 홈페이지와 어떤 차이가 있는지 이야기 해보세요.
마이다스IT,SW개발/웹개발,"살면서 업무, 인간관계 등 가장 힘들었던 경험은 무엇이었는가?"
마이다스IT,SW개발/웹개발,"회사에서 본인이 발전할 수 있는 일이 아니라 단순한 반복적인 일만 시킨다면, 어떻게 할 것인가?"
마이다스IT,SW개발/웹개발,가장 힘들었던 프로젝트는 무엇인가?
마이다스IT,마케팅/기획,마이다스IT는 어떤 회사인가요?
마이다스IT,마케팅/기획,마케팅/기획 직무를 위해 어떠한 노력을 해왔나요?
마이다스IT,마케팅/기획,아무도 지키지 않는 규칙도 지킬 것인가?
마이다스IT,마케팅/기획,어떠한 마케팅/기획을 하고싶은가요?
마이다스IT,마케팅/기획,원하는 직무가 아닌 다른 직무에 배치된다면 어떻게 할 것인가요?
마이다스IT,IT·솔루션·기술영업,"열정과 능력은 다른데, 능력을 향상시키기 위해서는 어떻게 할 것인가?"
마이다스IT,IT·솔루션·기술영업,영업 목표 달성을 못한다면 어떻게 할 것인가?
마이다스IT,IT·솔루션·기술영업,"소개팅을 한다고 가정해보고, 저에게 지원자가 누구인지 설명해보시오."
마이다스IT,IT·솔루션·기술영업,"성적도 좋고 학벌도 좋은데, 왜 중소기업인 마이다스 IT에 지원했나요?"
마이다스IT,총무,"본인이 가지고 있는 글로벌 HR과 관련된 역량이 있다면 3가지를 생각하여, 그 역량들이 어떻게 마이다스아이티에 기여할 수 있는지 말해보세요."
마이다스IT,총무,지원자는 왜 일을 해야한다고 생각하는가?
마이다스IT,총무,지원자와 회사의 관계는 어떤 관계인지 설명해보시오.
마이다스IT,총무,마이다스아이티의 경영원칙과 핵심가치가 무엇인지 설명하시오.
마이다스IT,인사,"본인은 이기적인 사람인가요, 이타적인 사람인가요?"
마이다스IT,인사,자아실현은 뭐라고 생각한요?
마이다스IT,인사,나눔의 의미에 대해 설명해보세요.
포스코,공통,지방 근무 가능한가? 지방 근무의 장점에 대해 설명해보라.
포스코,공통,포스코만의 장점이 무엇이라고 생각하는가?
포스코,공통,면접장 안의 사물과 자신을 빗대어 표현해 보라
포스코,공통,"5대원소에 대해 설명해봐라,"
포스코,공통,타인에게 양보 또는 봉사활동을 해본 경험이 있습니까?
포스코,공통,포스코는 어떤 회사라고 생각하는지 설명해보세요.
포스코,생산기술/인턴,기계요소를 아는대로 말해 보세요.
포스코,생산기술/인턴,"합격후, 학교 생활은 어떻게 보내고 싶은가?"
포스코,생산기술/인턴,상사와 갈등이 생긴다면 어떻게 해결하겠습니까?
포스코,생산기술/인턴,고등학교 시절을 통해 기억에 남는 일이 있다면 무엇입니까?
포스코,생산기술/인턴,글 쓰는 사람(사무직)과 면접관(기술직)이랑 차이는 무엇인거 같나요?
포스코,생산기술/제조/설비,변압기 용량에 대해서 설명해보세요.
포스코,생산기술/제조/설비,RLC 각 역할에 대해 설명해보세요.
포스코,생산기술/제조/설비,자신이 남들보다 뛰어나게 잘 할수 있는것에 대해서 말해보세요.
포스코,생산기술/제조/설비,베르누이의 정리에 대해 말해보세요.
포스코,생산기술/제조/설비,포스코에서 대체에너지를 사용하면 어떻게 적용하고 효율적이겠는가?
포스코,생산기술/제조/설비,후크의 법칙에 대해 설명해라.
포스코,생산기술/제조/설비,스트레스를 어떻게 푸는지?
포스코,생산관리/품질관리,"1, 2, 3차 산업혁명에 대해 말해보세요."
포스코,생산관리/품질관리,선철과 강철의 차이에 대해 말해보라.
포스코,생산관리/품질관리,열연과 냉연강판의 차이점에 대해 설명하세요.
포스코,생산관리/품질관리,"제선, 제강 등의 공정 중 하나를 말해보라"
포스코,생산관리/품질관리,품질 개선 방안에 대한 본인의 의견을 말해보세요.
포스코,생산관리/품질관리,인생에서 가장 하기싫었는데 해야만 했던 것?
포스코,AI/Bigdata,자율주행차량이 가능하기위해서 한가지 필요한점을 말해보세요.
포스코,AI/Bigdata,포스코의 제품 중 하나를 말해보세요
포스코,AI/Bigdata,포스코에 대한 이미지는 어떠한가요
포스코,AI/Bigdata,전공 관련 지식을 활용해서 어떻게 포스코에 기여할 것인지 말해보시오.
포스코,AI/Bigdata,지원자가 생각하기에 기업에 있어서 중요한 요소 두 가지를 말해보세요.
포스코,구매,구매 업무와 관련한 경험에 대해 말해보시오.
포스코,구매,최근 갑을관계가 이슈가 많이 된다. 하청 업체 등에서 상생을 외치며 단가 인상을 요구한다면 어떻게 할 것인가.
포스코,구매,"인도 지역에는 구매 활동이 없는데, 어떻게 업무를 할 것인가?"
포스코,구매,"글로벌 인재에게 필수인 요소는 무엇이고, 자신이 그것을 위해 노력했던 것은 무엇인가."
포스코,구매,하청 업체의 지속적인 요구나 항의 등이 잇달을 경우 어떻게 할 것가.
포스코,마케팅/인사,최고의 성과를 이룬 경험을 말해보시오.
포스코,마케팅/인사,"면접관 본인은 기업이 이윤만 창출하면 된다고 생각하는 입장인데, 이에 대해 지원자는 어떻게 생각하는가."
포스코,마케팅/인사,현재 강재 수요가 줄어들고 있는데 앞으로 어떤 시장을 공략해야 한다고 생각하는가?
포스코,마케팅/인사,포스코 기업sns 매체의 개선해야 할 부분은 무엇이라고 생각하는가?
포스코,마케팅/인사,본인이 마케터로서 차별화된 점이 있다면 무엇인가?
현대자동차,공통,현대자동차의 신사업은 무엇인가.
현대자동차,공통,최근 뉴스기사 중 가장 기억에 남는 기사는?
현대자동차,공통,팀프로젝트를 하면서 다른 팀원이 낸 아이디어를 거절한 상황이 있었는가?
현대자동차,공통,"도전적인 목표를 세우거나, 도전적인 경험을 했던 프로젝트를 말해주세요."
현대자동차,공통,직무와 관련해서 본인의 역량을 증빙할 객관적인 자료가 있는가?
현대자동차,공통,단체 내에서 시스템 변화를 시도해 본 경험이 있는가?
현대자동차,공통,"친구가 다른 친구에게 소개한다고 했을 때, 당신을 한 단어로 뭐라고 소개하겠는가?"
현대자동차,공통,노조에 대해 어떻게 생각하는가?
현대자동차,공통,어떤 자동차에 관심이 있는가?
현대자동차,생산관리/공정관리/품질관리,스마트 팩토리란 무엇인지 설명해보세요.
현대자동차,생산관리/공정관리/품질관리,기하공차와 가동률이 무엇인지 설명해보세요.
현대자동차,생산관리/공정관리/품질관리,엔지니어로서 인생의 목표가 무엇인가요?
현대자동차,생산관리/공정관리/품질관리,자동차 생산 과정에서의 구체적 설비 과정을 말해보세요.
현대자동차,생산관리/공정관리/품질관리,현대자동차에서 개선하고자 하는점이 무엇인지 안다면 말해보세요.
현대자동차,생산관리/공정관리/품질관리,기사 자격증을 취득한 이유는 무엇입니까?
현대자동차,생산관리/공정관리/품질관리,품질 등급이 회사별로 어떻게 되는지 알고 있있는가.
현대자동차,생산관리/공정관리/품질관리,가격경쟁력 개선 방안은 무엇이라고 생각하나요?
현대자동차,생산관리/공정관리/품질관리,품질 개선 방안에 대한 본인의 의견을 말해보세요.
현대자동차,생산관리/공정관리/품질관리,거주지와 근무지가 멀다고 생각하는 데 근무를 잘 할 수 있겠는가?
현대자동차,영업관리/지원/영업기획,현대자동차가 개척하고 있는 신시장을 아는가?
현대자동차,영업관리/지원/영업기획,면접이 끝나면 누구에게 가장 감사할 것 같은가?
현대자동차,영업관리/지원/영업기획,본인이 최근 3년 동안 도전적인 목표를 세우고 실천했던 경험이 있는가?
현대자동차,영업관리/지원/영업기획,조직 내에서 변화를 시도한 경험이 있는지 말해보세요.
현대자동차,SW개발,"40대, 50대가 모바일 시스템을 잘 이해하지 못한다면 어떻게 해결 수 있을 것인가?"
현대자동차,SW개발,자동차 관련된 실무 경험이 있나요?
현대자동차,SW개발,기업의 복리후생을 아십니까?
현대자동차,SW개발,immutable과 mutable의 차이점에 대해 설명해봐라.
현대자동차,SW개발,MVC 패턴이란 무엇인가?
현대자동차,SW개발,TDD(Test-Driven Development)란 무엇인가
현대자동차,플랜트,다른 사람을 도와준 경험이 있습니까?
현대자동차,플랜트,"언론에서 나온 얘기 말고, 직접 현대자동차를 운전하면서 느낀 장단점은 무엇인가요?"
현대자동차,플랜트,현대자동차 파워트레인의 장단점에 대해 말해보시오
현대자동차,플랜트,팀에서 남들보다 더 노력한 점이 무엇이라고 생각합니까? 그 중 자신은 기여도는 어떠합니까?
현대자동차,연구개발,현대 자동차의 문제점이라고 생각하는 것은 무엇인가요?
현대자동차,연구개발,구체적인 목표를 가지고 노력했던 경험을 자세히 말해보세요.
현대자동차,연구개발,여러 사람들과 협동해서 무언가를 해낸 경험이 있는가.
현대자동차,연구개발,프로젝트에서 주도적인 역할을 했던 경험을 말해보세요.
현대자동차,연구개발,글로벌 엔지니어의 꿈을 이루기 위해서 본인에게 몇 년이 필요한가?
현대자동차,연구개발,클러치 최적화 방안은 무엇이 있는지 말해보시오.
현대자동차,연구개발,자동차에 대한 특별한 경험이 있습니까?
현대자동차,연구개발,변속기의 단수가 많아지면 자동차에 생기는 문제점은 무엇인가요?
현대자동차,연구개발,변속기를 다단화시킬 수 있는 방법 중에 본인이 창의적으로 생각해 본 해결 방안이 있습니까?
현대자동차,연구개발,어떤 전공 지식이 설계에 적용이 될 수 있을까요?
현대자동차,구매,4차산업혁명과 관련하여 자동차 산업의 전망은 ? 앞으로 나아가야 할 방향은 ?
현대자동차,구매,회사 홈페이지에서 기억에 남는 장비가 있는가?
현대자동차,구매,전공과 다른 직무를 선택한 이유는 무엇입니까?
현대자동차,구매,이질적인 집단과 팀활동을 해본 경험이 있는가?
현대자동차,구매,현대자동차에서 어떤 제품와 서비스를 제공하는 지 아는가?
현대자동차,구매,프리미엄 자동차에서 가장 중요하다고 생각하는 것은 무엇인가요?
현대자동차,자동차정비,본인의 사수가 10년간 엔진오일교체일만 시킨다면 어떻게 할 것인가요?
현대자동차,자동차정비,지키기 힘들었던 규칙이 있습니까?
한화시스템,공통,한화하면 어떤 것이 가장 먼저 떠오르는가?
한화시스템,공통,한화시스템은 다소 보수적인 기업이다. 보수적인 기업에 대해 어떻게 생각하는가?
한화시스템,공통,전공과목 중에서 가장 좋아하는 과목이 무엇인가?
한화시스템,공통,"전공 성적이 좋지 않은 편인데, 그것을 대체할 만한 어떤 이야기가 있는가?"
한화시스템,공통,한화의 다른 계열사는 어디 지원했나요?
한화시스템,공통,입사 후 한화시스템에서 무엇을 하고 싶나요??
한화시스템,공통,한화의 인재상을 말해보세요.
한화시스템,공통,인생에서 죽도록 싫었던 사람이 있는가?
한화시스템,기구설계,한화시스템에 대해 아는대로 설명해보세요
한화시스템,기구설계,기계과가 아닌데 왜 기계직무에 지원했나요?
한화시스템,기구설계,한화시스템을 어떻게 알게되었는가?
한화시스템,기구설계,기구설계 업무를 통해 어떤 것을 배우고 싶은가?
한화시스템,기구설계,100억짜리 사업이 있는데 다소 모험적이라면 도전할건가요?
한화시스템,응용프로그래머/SW,서버 개발 경험이 있는가. 있다면 설명해봐라.
한화시스템,응용프로그래머/SW,UML의 필수요소가 무엇인가
한화시스템,응용프로그래머/SW,SW직무가 아니면 무슨 직업을 했을 것 같나
한화시스템,응용프로그래머/SW,C++클래스에 대해 3가지 말해봐라
한화시스템,응용프로그래머/SW,자바의 특징이 무엇인지 나열해봐라
한화시스템,응용프로그래머/SW,레이더시스템 설계하는 것을 간단하게 C언어로 구현할수 있나요?
한화시스템,응용프로그래머/SW,개발자로서 가져야 할 3가지 능력을 말해보세요
한화시스템,응용프로그래머/SW,OOP를 얼마나 접해봤는가?
한화시스템,응용프로그래머/SW,축구 포지션 중에 좋아하는 포지션은 무엇이며 이와 연관시켜서 회사에서의 역할을 설명해보세요
한화시스템,회로개발,회사가 방위산업 중에서 어디 쪽에 생산하고 있는지 아는가?
한화시스템,회로개발,나이퀴스트 법칙에 대해 말해보세요.
한화시스템,회로개발,"본인이 나온 대학을 선택한 이유는 무엇이며, 본인의 대학을 추천하고 싶나요?"
한화시스템,회로개발,연구개발은 무엇을 하는 직무라고 생각하는가?
한화시스템,회로개발,입사 후 회사에서 어떤 업무를 하고싶은가?
한화시스템,회로개발,데이터시트를 찾아본 경험이 있는가?
한화시스템,회로개발,frequency response에 대해 설명해보세요.
한화시스템,품질,방산에서는 어떤 것이 가장 중요하다고 생각하는가?
한화시스템,품질,품질이란 무엇이라고 생각하는가?
한화시스템,품질,구미에서 근무가 가능한가?
한화시스템,품질,시상수에 대해 설명해 보시오
한화시스템,품질,전공 중 가장 자신있었던 과목은 무엇인가?
한화시스템,품질,six sigma에 대해 아는대로 설명해보시오
한화시스템,기획/전략/영업,방산회사에 지원한 이유는 무엇인가?
한화시스템,기획/전략/영업,한화시스템의 제품에 대해 아는 것이 있는가?
한화시스템,기획/전략/영업,우리나라 국방산업에 대한 개인적인 생각을 말해보세요.
한화시스템,기획/전략/영업,학업 이외에 역량을 향상시키기 위해 노력했던 경험에 대해 말해보세요
S-OIL, 생산/공정/품질관리,화학 엔지니어가 아닌 전기 엔지니어로서 회사에서 할 수 있는 것?
S-OIL, 생산/공정/품질관리,공정 제어 내용을 설명해보세요
S-OIL, 생산/공정/품질관리,베르누이 법칙을 초등학교 아이에게 설명해 보라.
S-OIL, 생산/공정/품질관리,아레니우스 식을 설명해보세요
S-OIL, 생산/공정/품질관리,증류탑에서 환류비가 증가했을 때 효과는?
S-OIL, 생산/공정/품질관리,증류 공정이 어떤 식으로 진행되는지 말씀해보세요.
S-OIL, 생산/공정/품질관리,S-OIL에서 쓰고 있는 원유 처리 공정에 대해 말해보세요
S-OIL, 생산/공정/품질관리,증류 공정의 생산물들은 실시간으로 정성 분석이 어려우므로 제대로 증류가 되는지 여부를 공정이 끝나기 전까지는 알기 힘든데 공정이 제대로 진행되고 있는지의 여부를 어떻게 알 수 있을까요?
S-OIL,영업/마케팅,마케팅의 4P에 대해 설명해보세요.
S-OIL,영업/마케팅,EBITDA에 대해 말해보세요.
S-OIL,영업/마케팅,S-OIL의 현직자를 만나본 경험이 있는가?
S-OIL,영업/마케팅,S-Oil의 타겟층에 대한 구체적인 마케팅 방안을 4p믹스를 이용하여 설명해보라
S-OIL,영업/마케팅,사회경험이나 아르바이트로 무엇을 했는가?
S-OIL,영업/마케팅,영업 관련 경험에 대해 말해보세요.
S-OIL,영업/마케팅,정유사 100원 인하에 대해 말해보세요
S-OIL,영업/마케팅,당신이 다른 기업 CEO라면 정유회사에 진출할 것인가?
S-OIL,엔지니어/설비기술,자신이 에스오일에 맞는 인재라고 생각하는가?
S-OIL,엔지니어/설비기술,본인이 S-oil에 기여할 수 있는 점은?
S-OIL,엔지니어/설비기술,연장자와 성공적으로 일했던 경험을 말해보세요.
S-OIL,엔지니어/설비기술,S-OIL의 미래 사업계획에 대한 대안을 이야기 해보시오.
롯데쇼핑,마케팅/광고분석,롯데쇼핑이 앞으로 나아가야 할 방향을 제시해보아라
롯데쇼핑,마케팅/광고분석,지원한 롯데계열사의 업장 수를 아는가?
롯데쇼핑,마케팅/광고분석,롯데닷컴 중국 대상 광고에 출연시킬 연예인으로 추천할 사람을 말해보아라
롯데쇼핑,마케팅/광고분석,"전공이 경영 전공이 아님에도 마케팅 수업을 들었다고 했는데, 이유가 무엇인가?"
롯데쇼핑,마케팅/광고분석,롯데의 오프라인 매장 가본 적 있는지? 어땠는가?
롯데쇼핑,마케팅/광고분석,롯데그룹 계열사 중 롯데 하이마트와 가장 시너지가 높게 나타날 수 있는 계열사는 어디라고 생각하는지?
롯데쇼핑,마케팅/광고분석,하이마트 PB 상품 개발에서 고려해야 할 요소 및 홍보 전략에 대해 토론해 보세요.
롯데쇼핑,MD,지원한 롯데계열사의 매출액은 얼마인지 아는가?
롯데쇼핑,MD,자신의 다른 사람과 커뮤니케이션 함에 있어 장점과 단점은?
롯데쇼핑,MD,MD가 된다면 무엇을 팔고 싶은가?
롯데쇼핑,MD,왜 MD가 되고 싶은가?
롯데쇼핑,MD,어떠한 상품 분야의 MD가 되고 싶은가?
롯데쇼핑,빅데이터/AI,요즘 가지고 있는 최대의 고민은 무엇인가?
롯데쇼핑,빅데이터/AI,"꼭 유통업에 관련되지 않더라도, 가장 최근에 본 기사가 무엇인가요?"
롯데쇼핑,빅데이터/AI,데이터분석에 있어서 본인이 가지고 있는 장점이 무엇인가요?
롯데쇼핑,빅데이터/AI,면접 대기 기다리는 동안 무슨 생각을 했나?
롯데쇼핑,빅데이터/AI,통큰치킨에 대한 본인의 견해를 말해보라
롯데쇼핑,웹기획/PM,"롯데닷컴을 언제, 얼마나 이용해보았는가"
롯데쇼핑,웹기획/PM,학업 이외에 힘들었던 점은 무엇이었나요?
롯데쇼핑,웹기획/PM,약점을 극복하기 위한 대안이 있는가?
롯데쇼핑,웹기획/PM,롯데닷컴의 경쟁사는 어디라고 생각하는가?
롯데쇼핑,웹기획/PM,롯데닷컴을 제외하고 UX 측면에서 가장 좋아하는 앱은?
롯데쇼핑,웹기획/PM,본인에게 가장 매력적인 면은 무엇인가요?
롯데쇼핑,웹기획/PM,학창 시절 부정행위를 저질러 본 경험이 있나요?
롯데쇼핑,영업관리,최근 2년내에 새로 사귄 친구가 몇명정도 있습니까? 친한친구에게 어떤 방식으로 친밀도를 표현하십니까?
롯데쇼핑,영업관리,유통업관련 사회경험이 있는가?
롯데쇼핑,영업관리,점장으로서 업무를 수행할때 드러날수 있는 자신의 약점은?
롯데쇼핑,영업관리,롯데쇼핑의 판매채널에는 어떤 것들이 있는가?
롯데쇼핑,영업관리,롯데백화점의 이미지에 대해 말해보라
롯데쇼핑,영업관리,신용등급 하락이 우리 경제에 미치는 영향을 말해보세요
롯데쇼핑,영업관리,타백화점과의 경쟁력을 갖추려면 어떻게 해야하는가?
롯데쇼핑,영업관리,"가장 많은 친구와 여행을 간 경험, 그 때 불화가 있었는지 말해보세요."
롯데쇼핑,영업관리,개인의 역량을 최대로 발휘한 경험은?
롯데쇼핑,영업관리,이마트의 피코크는 잘 나가는데 롯데의 요리하다는 왜 잘 안되는거 같은지 말해보세요.
롯데쇼핑,경영지원,소비자 쇼핑행태 변화로 아울렛이 각광받고 있다. 백화점 업계의 변화 전략은?
롯데쇼핑,경영지원,이커머스 채널 성장으로 인한 대형마트의 매출 하락을 막을 수 있는 방법을 설명해라.
롯데쇼핑,경영지원,타 회사와 비교했을때 개선이나 보완해야 될 점은 뭐가있는지?
롯데쇼핑,경영지원,롯데백화점의 최신 이슈는 무엇인가요?
롯데쇼핑,경영지원,귀하가 사장일 경우 가장 입점시키고 싶은 브랜드와 그 이유를 말해보시오.
롯데쇼핑,경영지원,스마트 픽 이용에 대한 불편함은 없었는가?
롯데쇼핑,경영지원,최근 2년 내에 직장상사나 동료로부터 까다로운 요구를 받은 적이 있다면 그 요구는 무엇이었고 어떻게 해결하셨습니까?
GS리테일,영업관리/지원/영업기획,편의점영업을 지원한 이유는?
GS리테일,영업관리/지원/영업기획,온라인 유통이 강세인 상황에 편의점 유통이 살아남기 위한 방안은?
GS리테일,영업관리/지원/영업기획,무인편의점에 대해 어떻게 생각하는가?
GS리테일,영업관리/지원/영업기획,"성장과정에 대해 설명하고, 입사 후에 이것을 어떻게 적용할 것인지?"
GS리테일,영업관리/지원/영업기획,랄라블라가 개선해야할 점은?
GS리테일,영업관리/지원/영업기획,잉가 66라인 어떻게 판매하는가?
GS리테일,영업관리/지원/영업기획,OFC로서 잘할 수 있나요?OFC로서 가장 중요한 역량은 무엇이라고 생각하나요?
GS리테일,영업관리/지원/영업기획,"OFC가 되면 입사 초기에 편의점에서 근무해야하는데, 이 모습을 친구가 지나가다가 본다면 어떻게 할 것인가?"
GS리테일,영업관리/지원/영업기획,지방에 배치되어도 상관없는가?
GS리테일,영업관리/지원/영업기획,진상 손님을 위한 본인만의 대처법이 있는가?
GS리테일,영업관리/지원/영업기획,GS리테일의 핵심가치 4가지를 말해봐라.
GS리테일,영업관리/지원/영업기획,랄라블라에서 사용해 본적있는 브랜드나 이용후기는 어땠는가?
GS리테일,영업관리/지원/영업기획,편의점 간 근접 출점 규제해야하나 말아야하나?
GS리테일,영업관리/지원/영업기획,타 편의점 알바했었는데 GS25와 타 편의점의 차이는?
KT,네트워크기술,수행했던 프로젝트가 지원 직무와 어떤 연관이 있는가?
KT,네트워크기술,ESS 종류와 쓰임에 대해 말해보세요.
KT,네트워크기술,AMI가 단순히 통신장비인가?
KT,네트워크기술,현재 지원하신 직무에 대해 어떻게 알고있는가?
KT,네트워크기술,OSI 7계층에 대해서 설명해보세요.
KT,네트워크기술,무모한 도전을 해본 적 있습니까?
KT,네트워크기술,급박한 상황에 대한 대처경험이 있습니까?
KT,네트워크기술,미래 KT의 계획에 대한 생각은 무엇입니까?
KT,네트워크기술,"서버, 보안 등 네트워크 이외의 지식도 있는가?"
KT,네트워크기술,IoT로 생각해 본 상품이 있는가?
KT,네트워크기술,풍력 발전기의 최신 기술을 설명하시오.
KT,네트워크기술,왜 통신사에 지원을 했는가?
KT,네트워크기술,"네트워크에서 오류 제어 방식 중 backward 방식과 forward 방식이 있는데, 두 가지에 대해 아는 대로 설명해보세요."
KT,네트워크기술,KT의 장점과 그렇게 말할 수 있는 근거를 대보세요. 또한 그러한 KT의 장점을 잘 살릴 수 있는 방안에 대해서 말해보세요.
KT,Biz영업,다수의 신입사원들이 1년 안에 퇴사하는 이유가 뭐라고 생각하나
KT,Biz영업,대리점을 직접 돌아본 적이 있는가?KT 매장에  간 경험이 있는가?
KT,Biz영업,만약에 신규 매장에 갔을 때 어떻게 하겠는가?
KT,Biz영업,고객이 부당한 요구를 한다면 어떻게 할 것인가?
KT,웹기획/PM,IT컨설팅에 대해서 알고 있는 것은?
KT,기획/전략/경영,케이티의 신기술에 대해 아는 것이 있습니까?
KT,기획/전략/경영,KT의 세계 진출 전략은 어때야 하는가?
KT,기획/전략/경영,하급자 또는 하청업체와 협업한 경험에 대해 말해보세요
KT,기획/전략/경영,획기적인 KT 홍보 방안에 대해 말해보세요.
KT,기획/전략/경영,수평적 관계에서 협업한 경험을 말해보세요
KT,유통채널관리,프로모션 장소 협의는 어떻게 할 것인가?
KT,유통채널관리,본인이 특히 유통채널 관리에 적합하다고 생각한 이유가 무엇인가요?
KT,유통채널관리,프로모션 기획안에 예산 부문에 있어서 어떻게 자금 조달을 할 것인가?
KT,유통채널관리,KT가 앞으로 어떤 미래사업에 투자해야 할지 말해보세요.
KT,IT/SW솔루션개발,빅데이터에 관해 설명해봐라.
KT,IT/SW솔루션개발,황금주파수가 무엇인가?
KT,IT/SW솔루션개발,가장 자신있는 언어는 무엇인가?
KT,IT/SW솔루션개발,전공이 KT에 어떤 기여를 할 수 있는지 설명하시오.
KT,IT/SW솔루션개발,주파수 경매에 대해 아는 대로 얘기해봐라.
KT,IT/SW솔루션개발,케이티에 대해 구글링해서 나오는 것을 제외하고 알고있는 것은?
KT,IT/SW솔루션개발,KT의 해외 확장 가능성에 대해 말해보시오.
KT,IT/SW솔루션개발,"지원자가 소프트웨어 개발을 좋아하는 것 같은데, KT는 개발과는 거리가 좀 있는 편입니다. 알고 있나요?"
카카오,빅데이터/AI(인공지능),진행했던 프로젝트에 대해 소개해 보세요.
카카오,빅데이터/AI(인공지능),"딥러닝 관련 질문(relu가 무엇인가 왜 쓰는가, local minimum이 해결방법)"
카카오,빅데이터/AI(인공지능),"computer science 질문(정렬 알고리즘, 멀티 스레드 멀티 프로세스 차이)"
카카오,고객상담/인바운드,과거에 국토대장정에서는 어떤역할을 하였나?
카카오,고객상담/인바운드,카카오의 장단점은 뭐라고 생각하는가?
카카오,기획/전략/경영,요즘 가장 관심있고 기발하다고 생각하는 모바일 서비스는 어떤 것인가?
카카오,기획/전략/경영,개인적으로 생각하는 좋은 앱 서비스는?
카카오,기획/전략/경영,마케팅을 정의내리자면?
카카오,기획/전략/경영,현재 카카오 서비스의 부족한 부분에 관해 설명해 주세요.
카카오,기획/전략/경영,소셜 콘텐츠를 효과적으로 홍보하기 위해서는 어떻게 해야 하나요?
카카오,기획/전략/경영,"구글의 한 임원이 말하길, “회사 복도에 놓인 휴지를 줍는 사람”이 구글의 인재상이라고 합니다. 이 말을 듣고 느낀 점을 자유롭게 1분 정도로 이야기해 주세요."
카카오,기획/전략/경영,전 직장에서 성취한 일을 영어로 설명해 주세요.
카카오,기획/전략/경영,해외 사업 진출시 카카오에서는 어떤 시장 전략을 세워야 하나요?
카카오,기획/전략/경영,"카카오택시, 카카오게임샵 등 현재 진행 중인 서비스의 마케팅 활동을 어떻게 생각하시나요?"
카카오,인사/노무/교육,카카오에서 하고 싶은 일은 무엇인가?
카카오,인사/노무/교육,"본인이 카카오에 입사한다면, 팀에 기여할 수 있는 점은 무엇이라고 생각하나요?"
카카오,리서치/통계/설문,같이 일한 팀원이 지원자를 어떻게 생각할 것 같은가?
카카오,리서치/통계/설문,관련 업무는 해보았는가?
카카오,리서치/통계/설문,서비스 관련 경험이 있는가? 해당 서비스 관련 경험에 대해 어땠는지 이야기해보시오.
카카오,리서치/통계/설문,지원자가 카카오 서비스 중에서 인상 깊게 생각하는 서비스는 무엇인지 예를 들어 설명해보시오.
카카오,리서치/통계/설문,"택시기사가 하루에 얼마를 버는지, 또한 회사에 내야 하는 돈이 어느 정도인지 답해보시오."
카카오,IT/인터넷,MVC1과 MVC2 패턴의 차이를 설명해 주세요.
카카오,IT/인터넷,자바 기술로 작성된 미래가 기대되는 프레임워크와 그 이유를 설명해 주세요.
카카오,IT/인터넷,스프링 프레임워크의 특징에 관해 설명해 주세요.
카카오,IT/인터넷,최근 관심 있는 인터넷 세상의 이슈는 무엇인가요?
카카오,IT/인터넷,검색이 어떤 방식으로 작동하는지 최대한 자세히 설명해 주세요.
카카오,IT/인터넷,대용량 데이터 처리를 위한 서비스 아키텍처에 대해 설명해 주세요. 그에 대한 기술도 함께 말씀해 주세요.
카카오,IT/인터넷,진행 했던 프로젝트를 기술적인 측면에서 설명해 주세요.
카카오,IT/인터넷,자바의 GC는 어떻게 동작하나요?
카카오,IT/인터넷,정렬 알고리즘 중 가장 빠른 방식은 무엇인가요? 그 알고리즘에 대해 설명해 주세요.
카카오,IT/인터넷,"자바로 자판기를 설계할 때, 어떻게 설계할 것인지 설명해 주세요."
카카오,IT/인터넷,"당신은 카카오 안에서 5년 후에 어떤 직급이 돼 있을까요? 또, 무슨 일을 하고 싶으신가요?"
카카오,IT/인터넷,RESTful 은 무엇이라고 생각하시나요?
카카오,IT/인터넷,hashCode() 값이 모두 같다면 어떤 일이 벌어지나요?
카카오,IT/인터넷,이전 업무에서 기능을 개선한 사례에 관해 설명해 주세요.
카카오,IT/인터넷,왜 카카오에 오고 싶으신가요?
카카오,IT/인터넷,당신이 논리적으로 문제를 해결했던 경험을 설명해 주세요.
카카오,IT/인터넷,대화 로그는 얼마나 오래 서버에 저장해야 할까요?
카카오,디자인,본인의 포트폴리오에 있는 것 말고 다른 것들은 무엇을 할 수 있나요?
카카오,디자인,라인과 카카오톡의 장점과 단점을 설명해 주세요.
카카오,디자인,차세대 검색 서비스는 무엇이라고 생각하나요?
카카오,디자인,모바일 응용프로그램에서 검색 버튼은 어디에 위치하는 것이 좋을까요?
카카오,디자인,이전 팀에서 문제 해결을 위해 어떤 노력을 하셨나요?
카카오,디자인,전 직장에서 혹시 별명이 있었나요? 무엇이었나요?
카카오,디자인,현재 다음 홈페이지에서 디자인 측면에서 훌륭하다고 생각하는 서비스는 무엇인가요?
카카오,디자인,카카오톡에 추가하되나 수정되면 좋은 것들은 무엇이 있을까요?
카카오,디자인,좋아하는 디자이너는 누구인가요?
카카오,디자인,카카오의 브랜드 이미지는 무엇인가요?
카카오,디자인,카카오의 성장성과 비전에 대해 말씀해 주세요.
카카오,디자인,좋아하는 브랜드가 무엇인가요? 그것을 구입 하셨나요? 구입하지 않으셨다면 왜 구입하지 않으셨나요?
카카오,디자인,카카오 캐릭터에 대해 평가해 주세요.
라인플러스,기획/전략/경영,다른 회사에는 어떤 쪽으로 지원하셨나요? 지원하실 예정인가요?
라인플러스,기획/전략/경영,다른 분야의 인턴을 하다가 왜 갑자기 이쪽 부서에 지원하셨나요?
라인플러스,기획/전략/경영,자기소개를 해주세요.
라인플러스,기획/전략/경영,"게임을 얼마나 하며, 얼마나 할 수 있나요."
라인플러스,기획/전략/경영,출장이 잦은데 이점에 있어서 문제가 없나요.
라인플러스,인사/노무/교육,라인 사옥에 와 보니 어땠는지 느낀 점을 이야기해보시오.
라인플러스,인사/노무/교육,라인 HR팀의 업무가 어떤 것인지 알고 왔는가?
라인플러스,인사/노무/교육,번역과 통역 중 자신있는 것은 무엇인가?
라인플러스,인사/노무/교육,인생의 최종 목표는 무엇인가?
라인플러스,인사/노무/교육,"인턴으로 경험을 쌓는 것보다는 본격적으로 취업 준비를 할 나이 같은데, 합격하면 근무를 할 생각이 있는가?"
라인플러스,인사/노무/교육,지원자의 인생관은 무엇인가?
라인플러스,인사/노무/교육,지원자의 직업관은 무엇인가?
라인플러스,기획,사전 과제는 왜 이렇게 했는가?
라인플러스,기획,"LINE 게임 중 해 본 게임은 무엇이며, 해당 게임의 레벨은 어떻게 되는가?"
라인플러스,기획,라인 게임 중 재미있게 한 게임은 무엇인가?
라인플러스,기획,타 직무를 지원한 후 기획직에 지원한 이유는 무엇인가?
라인플러스,기획,라인이 보강되어야 할 점은 무엇이라고 생각하나요?
라인플러스,개발,브라우저에서 주소를 요청해서 결과를 받을 때까지의 과정을 설명해보십시오.
라인플러스,개발,9개의 공들 중에 무게가 가벼운 공 하나를 찾는데 최소한의 횟수는?
라인플러스,개발,라인이 다른 메신저들과 다른 점은 무엇인가요?
라인플러스,개발,3G망과 와이파이 망의 다른 점은 무엇인가?
라인플러스,개발,스레드 로컬이란 무엇인가?
라인플러스,개발,"앱을 죽이면, 그것의 브로드캐스트 리시버는 계속 작동하는가?"
라인플러스,개발,LTE망에서 상태값들에 대해 설명하라
라인플러스,개발,TDD를 사용해 본 적이 있는가?
라인플러스,개발,라인 게임 서버의 아키텍쳐를 구성한다면 어떻게 할 것인가?
라인플러스,개발,어떤 때에 Java에서 생성자를 Private로 설정하는가?
라인플러스,개발,Java Garbage Collection에 대해 아는대로 말해보라.
LG,R&D(연구개발),토익점수와 토익스피킹점수가 있는데 회화능력을 '하'로 표시한 이유는 무엇인가요?
LG,R&D(연구개발),휴롬이라는 회사에 대해서 알고 있나요?
LG,R&D(연구개발),LG디스플레이의 여러 제품 중 어떤 제품을 연구하고 싶은지 말해보세요.
LG,R&D(연구개발),LG전자 경쟁사에 대해 어떻게 생각하나요?
LG,R&D(연구개발),LG전자 말고 상반기 지업한 기업과 그 이유에 대해서 말씀해보세요.
LG,R&D(연구개발),LG전자의 제품에 대해서 아는 것이 있습니까?
LG,R&D(연구개발),냉장고에 있어서 가장 중요하다고 생각하는 것을 식품공학 관점에서 얘기해보세요.
LG,R&D(연구개발),삼성전자와 LG전자의 핸드폰 차이점은 무엇이라 생각하나요?
LG,R&D(연구개발),석사라고 하면 시뮬레이션과 실험을 같이 해서 분석을 해야 하는 것 아닌가요? 왜 실험밖에 없는지 말해줄 수 있나요?
LG,R&D(연구개발),책을 많이 읽는 편인가요? 최근에 읽은 책은 무엇이며 그 내용에 대해 말해주세요.
LG,R&D(연구개발),CNT는 얼마 하는지 아나요?
LG,R&D(연구개발),SI단위는 7개가 있습니다. 모두 말해보세요
LG,R&D(연구개발),열역학 법칙에 대해 설명해달라.
LG,R&D(연구개발),무엇을 설계하고 싶고 어떻게 설계할 것인가?
LG,해외영업,다른 사람이 하기 싫어하는 일을 자신이 나서서 했던 경우가 있나요?
LG,해외영업,세상을 더 좋은 곳으로 만들기 위해 발명하고 싶은 것을 말해보세요.
LG,해외영업,여태까지 본인의 인생에서 있었던 가장 큰 실패 경험은 무엇인가요?
LG,해외영업,조직의 성공을 위해 가장 열심히 일한 경험은 무엇인가요?
LG,해외영업,LG전자 제품 중에서 자신이 만들었다면 다르게 만들었을 것이라고 생각하는 제품이 있나요?
LG,기계/기구설계,종합설계 프로젝트에 대해 설명해보세요.
LG,기계/기구설계,준비했던 관심있는 제품과 그 이유에 대해 말해보세요.
LG,생산/제조,녹의 종류와 특성 그리고 녹 생성 원리를 말해달라.
LG,IT/인터넷,재귀함수의 문제점은 무엇인가?
LG,영업/고객상담,압축기의 원리는 어떤 것인가?
LG,영업/고객상담,인공지능형 주거환경이 구축된 집을 고객에게 팔 때 어떻게 할 것인가?
LG,영업/고객상담,전공과 영업을 연결시켜서 설명해달라.
LG,디자인,엔지니어와 일하는 과정에서 트러블을 어떻게 풀어갈 것인가?
LG,기획·전략·경영,"다음 그래프를 보고 PC 시장 (데스크탑, 노트북, 테블릿) 의 현황을 분석하고, 향후 LG 전자가 각 품목에 대하여 향후 취해야 할 전략은 무엇인가?"
LG,전기·전자·제어,"열역학과 연소와공해를 배웠는데, 이 과목들이 직무에 어떻게 작용될까요?"
LG,전기·전자·제어,유체역학은 기구설계에 어떻게 작용하나요?
LG,자동차/조선/기계,유체역학에서 가장 중요한 공식이 무엇일까?
LG,자동차/조선/기계,창원에서 근무 가능한가?
LG,자동차/조선/기계,(영어) 영화 어벤져스에서 캡틴아메리카와 아이언맨이 싸우는데 너는 어느팀을 선택 하겠는가?
LG,자동차/조선/기계,큰 외력이 어떤 확률로 일어난다고 했을때 그냥 그 외력을 보완할 수 있게 설계하면 안되나?
LG,반도체·디스플레이,다상유동분리기 과제를 실무자까지 진행했다고 했는데 힘든 점은 없었나요?
LG,반도체·디스플레이,세부전공은 해당 팀의 직무에서 기여할 수 없는데 괜찮나요?
LG,반도체·디스플레이,비행체를 연구하였는데 기계공학적으로 어떠한 연관이 있는지 설명해보세요
LG,반도체·디스플레이,박사를 안하고 석사까지 학위를 마친 이유는?
LG,반도체·디스플레이,에어컨의 원리에 대해 간단히 설명하라
LG,반도체·디스플레이,"에어컨에 구리가 많이 들어가는데, 구리에 부식에 대해 아는 것이 있는가?"
LG,반도체·디스플레이,"열전소자를 활용한 냉각기 아이디어를 냈는데, 이를 에어컨에 적용하면 에어컨의 어떤 부품이 사라지게 되는가?"
LG,반도체·디스플레이,에어컨의 원리에 대해 간단히 설명하라
LG,재무/세무/IR,아프리카 우간다에 새로운 지사가 가서 근무하게 되었다. 재무담당자로서 무엇을 해야하나?
LG,제품/서비스영업,LG 베스트숍을 방문해 본 적이 있는가?
LG,제품/서비스영업,제품의 가격을 낮춘다면 회사의 손익에도 영향을 미치는데 어떻게 해야 좋을까?
LG,제품/서비스영업,베스트숍에서 매니저에게 상담을 받아 보았는가?
LG,응용프로그래머,네트워크에서 OSI 7계층에 대해서 설명해보세요.
LG,응용프로그래머,프로젝트 경험 중에서 군집 자율 주행 프로젝트를 하셨는데 이 프로젝트에서 원리가 뭔가요?
LG,응용프로그래머,우리 회사에 기여할 수 있는 부분으로 스마트홈 구현이라고 하셨는데 정확히 무슨말인가요?
삼성전자,반도체·디스플레이,본인이 가장 흥미롭게 들었던 수업은 무엇이었고 그 이유는 무엇인가요?
삼성전자,반도체·디스플레이,좋아하는 일과 잘하는 일 중에 어느 것을 직업으로 하는게 좋다고 생각하나요?
삼성전자,반도체·디스플레이,CVD 공정에서 Void가 생기는 것을 방지하기 위한 방법으로는 어떤 것이 있을까요?
삼성전자,반도체·디스플레이,본인의 창의적인 경험은 무엇이 있었나요?
삼성전자,반도체·디스플레이,"창의, 능동적이라고 하셨는데 사례가 있나요?"
삼성전자,반도체·디스플레이,지원한 직무가 무엇인지 알고 있나요?
삼성전자,반도체·디스플레이,"오늘 정장을 입은 지원자가 많았는데, 비즈니스 캐주얼을 입은 이유는?"
삼성전자,반도체·디스플레이,삼성전자와 SK하이닉스 둘다 붙으면 어디를 선택할 것인가요?
삼성전자,반도체·디스플레이,휴학 기간 동안은 뭘 했나요?
삼성전자,반도체·디스플레이,본인은 리더형인지 필로워형인지 설명해라.
삼성전자,반도체·디스플레이,지원한 분야가 본인하고 잘 안맞으면 어떻게 할 것인가?
삼성전자,반도체·디스플레이,새벽 2시에 기계가 고장났는데 선배가 없어요 어떡할건가요?
삼성전자,반도체·디스플레이,본인 직무에 맞지 않는 일을 한다면 어떡할 건가요?
삼성전자,반도체·디스플레이,"친구와 갈등경험, 어떻게 풀어나갔나요?"
삼성전자,반도체·디스플레이,내가 남들보다 뛰어나다고 생각하는점은?
삼성전자,반도체·디스플레이,존경하는 사람?
삼성전자,반도체·디스플레이,졸업유예하고 뭐했냐?
삼성전자,반도체·디스플레이,꼼꼼함을 보일 수 있는 사례
삼성전자,반도체·디스플레이,취미생활은?
삼성전자,반도체·디스플레이,팀 활동을 하면서 힘든 일이 생긴다면 어떻게 하겠는가?
삼성전자,반도체·디스플레이,직무에 왜 적합한가?
삼성전자,반도체·디스플레이,끈기있게 시도했던 경험에 대해 말해보시오.
삼성전자,반도체·디스플레이,"여기 보니 존경하는 사람이 OO OOO 선생인데, 이 사람이 누구죠?"
삼성전자,생산관리·공정관리·품질관리,다른 지원자보다 뛰어난 점은 무엇인가요?
삼성전자,생산관리·공정관리·품질관리,품질관리가 필요하다고 생각하는 이유는 무엇입니까?
삼성전자,생산관리·공정관리·품질관리,일에 있어서 과정과 결과 중 어느 것이 중요하다고 생각하는가?
삼성전자,기계설계·CAD·CAM,반도체 분야에 지원한 이유는 무엇인가요?
삼성전자,기계설계·CAD·CAM,자격증란이 비어있는 이유는 무엇인가요?
삼성전자,마케팅·광고·분석,주 52시간 근무제에 대해 어떻게 생각하나?
삼성전자,생산·제조·설비·조립,설비직무를 선택하셨는데 본인이 설비직무를 수행함에 있어서 어떠한 장점들이 있는지?
삼성전자,생산·제조·설비·조립,설비직이 무슨일을 하는곳인지 아나?
삼성전자,전기·전자·제어,한전이 전기 최고의 기업인데 왜 삼성전자에 지원하셨습니까?
삼성전자,전기·전자·제어,패러데이 법칙과 렌츠에 법칙에 대하여 설명하고 공통점과 차이점에 대하여 설명하세요.
삼성전자,전기·전자·제어,변압기의 원리에 대하여 설명해주세요.
삼성전자,제품·서비스영업,영업에 지원한 이유는 무엇인가?
삼성전자,제품·서비스영업,마케팅과 영업 직무 중 어느 쪽이 본인 적성에 맞는다고 생각하는지? 그 이유는?
삼성전자,소프트웨어,10년 후 손목 터널증후군 환자가 줄어든다. 왜 그런가?
삼성전자,소프트웨어,본인이 원하는 부서가 아니라도 일할 수 있는가?
삼성전자,소프트웨어,직장 상사가 부당한 일을 처리하라고 시킨다면 당신은 어떻게 대답할 것인가?
삼성전자,소프트웨어,제품에 하자가 있는 걸 알면서도 물건을 팔아야 하는 상황에 놓인다면 어떻게 할 것인가?
삼성전자,소프트웨어,삼성 핸드폰이 소프트웨어에서 부족한 점이 무엇이라고 생각하는지 구체적으로 말하시오
삼성SDS,IT/인터넷,금융권 모바일 시스템 개발을 어떻게 구현할 것인가
삼성SDS,IT/인터넷,네트워크와 서버 과제 중 서버를 택한 이유는?
삼성SDS,IT/인터넷,삼성SDS 입사 후 하고 싶은 일은?
삼성SDS,IT/인터넷,프로젝트 중 의견 충돌이 있을 경우 대처 방안
삼성SDS,IT/인터넷,java를 어느 정도 수준까지 할 수 있는가
삼성SDS,IT/인터넷,삼성SDS에 필요한 부분이 무엇인가?
삼성SDS,IT/인터넷,"프로젝트 수행 시 특정한 상황에서 툴을 사용할 것인가, 인력을 더 투입할 것인가?"
삼성SDS,IT/인터넷,우리 회사에서 하고 있는 사업은 무엇이 있는가?
삼성SDS,IT/인터넷,인문계열인데 이 길을 선택한 이유는 무엇인가?
삼성SDS,IT/인터넷,HADOOP에 대해 설명해봐라
삼성SDS,IT/인터넷,전체적으로 성적이 좋은데 이 과목은 왜 C 을 받았나요?
삼성SDS,웹프로그래머,불합격하게 되면 그 이유는 무엇이라고 생각하는가?
삼성SDS,서비스,회사가 글로벌 진출을 위해 해야할 사업 전략은 어떤 것인지 말해보시오.
삼성SDS,컨설팅,"본인은 창의적입니까, 아니면 현실적입니까?"